主诊断名称,value
恶性肿瘤免疫治疗,969
除莠剂中毒,60
孔源性视网膜脱离,11
特发性息肉样脉络膜血管病变,12
为肿瘤化学治疗疗程,931
恶性肿瘤的治疗后的随诊检查,42
创伤性蛛网膜下出血,22
恶性肿瘤维持性化学治疗,9
恶性肿瘤术后免疫治疗,106
Ⅲ度房室传导阻滞,53
视网膜脱离,7
对症治疗,31
恶性肿瘤放射治疗,596
急性髓系白血病,490
恶性肿瘤靶向治疗,376
冠状动脉粥样硬化,14
四肢瘫痪,435
二尖瓣狭窄关闭不全伴主动脉瓣及三尖瓣关闭不全,304
帕金森综合征,14
腹腔继发恶性肿瘤,128
腰椎继发恶性肿瘤,36
梗阻性黄疸,510
急性白血病,1060
干燥综合征\[舍格伦\],32
恶性肿瘤联合治疗后的随诊检查,13
消化道出血,118
脊椎退行性病变,5
软组织感染,62
外阴脂肪瘤,7
混合痔,1
恶性肿瘤术后靶向治疗,27
输液港置入,5
不伴有精神病性症状的重度抑郁发作,20
过敏性紫癜,8
椎管内良性肿瘤,68
高血压病2级（高危）,12
前交通动脉瘤破裂伴蛛网膜下隙出血,96
睡眠障碍,13
腰椎椎管狭窄,96
恶性肿瘤内分泌治疗,22
外阴恶性肿瘤,36
冠状动脉支架植入术后再狭窄,13
扁桃体肥大,7
血小板减少,56
下肢静脉肌间血栓形成,3
脊柱继发恶性肿瘤,20
眶蜂窝织炎,19
老年性黄斑变性,51
滤泡性淋巴瘤,11
冠状动脉肌桥,6
视网膜分支静脉阻塞,5
副乳腺恶性肿瘤,19
躯干皮脂腺囊肿,5
肿瘤同位素治疗,63
结节性甲状腺肿,6
全身性疼痛,2
甲状腺恶性肿瘤,4
贲门失弛缓,4
