主诊断名称,value
肿瘤术后同位素治疗,4
恶性肿瘤术后靶向治疗,74
恶性肿瘤术后放射治疗,96
恶性肿瘤放射治疗,492
臀部恶性肿瘤,182
急性化脓性阑尾炎,56
为肿瘤化学治疗疗程,1300
恶性肿瘤免疫治疗,448
高血压病2级（高危）,6
外阴恶性肿瘤,113
腹膜继发恶性肿瘤,52
恶性肿瘤靶向治疗,860
硬膜外血肿,79
腰椎椎管狭窄,134
恶性肿瘤内分泌治疗,12
冠状动脉粥样硬化,22
颊间隙感染,171
对症治疗,409
老年性白内障,10
系统性红斑狼疮,11
四肢瘫痪,90
头皮良性肿瘤,8
甲状腺肿瘤,13
半月板损伤,12
高血压病3级（高危）,9
房性期前收缩[房性早搏],5
取出内固定装置,15
额叶恶性肿瘤,364
基底动脉瘤,16
下肢三度烧伤,18
急性淋巴细胞白血病,266
脊椎源性痛综合征,14
下肢深静脉血栓形成,49
恶性肿瘤维持性化学治疗,18
葡萄膜炎[色素膜炎],29
慢性淋巴细胞白血病,28
视网膜分支静脉阻塞,16
恶性肿瘤介入治疗,15
全身性疼痛,11
颊恶性肿瘤,8
系统性红斑狼疮，累及器官或系统,342
皮肌炎,8
颌下肿物,108
恶性肿瘤术后免疫治疗,66
腰椎间盘突出,10
甲状腺恶性肿瘤,15
房室结双径路,3
慢性紧张型头痛,4
甲状腺结节,6
恶性肿瘤中医治疗,16
恶性肿瘤联合治疗后的随诊检查,6
取除下腔静脉滤器,12
卒中后焦虑,5
混合痔,1
