主诊断名称,value
蛛网膜下出血,92
恶性肿瘤靶向治疗,119
下肢动脉栓塞和血栓形成,18
急性髓系白血病,818
肘关节脱位 ,38
腹主动脉瘤，未提及破裂,41
噬血细胞综合征,292
感染性发热,96
下肢三度烧伤,34
为肿瘤化学治疗疗程,121
恶性肿瘤术后放射治疗,235
垂体功能减退症,32
肿瘤内分泌治疗,12
恶性肿瘤免疫治疗,195
包茎,11
前列腺增生,21
单侧腹股沟斜疝,6
对症治疗,27
恶性肿瘤内分泌治疗,34
取除下腔静脉滤器,18
病态窦房结综合征,36
