主诊断名称,value
杀鼠剂中毒,127
为肿瘤化学治疗疗程,943
基底节出血,323
恶性肿瘤免疫治疗,1840
二尖瓣腱索断裂,251
多处损伤,59
恶性肿瘤靶向治疗,2522
感染性发热,28
四肢瘫痪,273
肿瘤术后免疫治疗,36
恶性肿瘤放射治疗,702
高血压病3级（高危）,19
阑尾肿瘤,31
恶性肿瘤维持性化学治疗,515
单克隆丙种球蛋白血症,204
前列腺恶性肿瘤,91
恶性肿瘤术后放射治疗,84
腰椎滑脱,41
意识模糊,16
焦虑抑郁状态,11
恶性肿瘤内分泌治疗,154
消化道穿孔,26
下肢动脉硬化闭塞症伴坏疽,48
对症治疗,89
阑尾炎,13
恶性肿瘤放射治疗后的随诊检查,13
前列腺增生,50
恶性肿瘤术后靶向治疗,20
Ⅲ度房室传导阻滞,51
重症肌无力，中度全身型,18
关节炎,19
老年性白内障,210
缺铁性贫血,26
下肢动脉硬化闭塞症,158
弥漫大B细胞淋巴瘤,96
复杂垂体瘤,62
病态窦房结综合征,16
瓦尔登斯特伦巨球蛋白血症,55
脊柱继发恶性肿瘤,30
恶性肿瘤联合治疗后的随诊检查,13
甲状旁腺增生,72
输液港取出,7
恶性肿瘤介入治疗,13
帕金森病,7
睡眠障碍,15
皮肤良性肿瘤,9
冠状动脉肌桥,12
髋和下肢二度烫伤,5
外伤性白内障,6
恶性肿瘤术后免疫治疗,13
高血压病3级（极高危）,4
恶性肿瘤生物治疗,8
老年性黄斑变性,2
