主诊断名称,value
脑梗死,107
线粒体脑肌病,58
脑干梗死,698
脑挫伤,18
创伤性脑出血,570
大脑动脉闭塞脑梗死,12
大脑动脉血栓形成引起的脑梗死,65
大脑动脉栓塞引起的脑梗死,133
2型糖尿病性周围神经病,70
脑膜动态未定或动态未知的肿瘤,39
丘脑出血,198
大面积脑梗死,86
中枢神经系统感染,281
大脑动脉狭窄脑梗死,24
脑室出血,153
新型隐球菌脑膜炎,14
神经痛,18
脑出血恢复期,132
小脑梗死,10
缺血性脑血管病,12
大脑中动脉瘤破裂伴蛛网膜下隙出血,6
慢性缺血性脑血管病,11
颈部脊髓损伤,15
肝性脑病,390
颈椎间盘脱出,5
颈部淋巴结继发恶性肿瘤,8
