主诊断名称,value
慢性阻塞性肺病伴有急性加重,178
肺部感染,1854
右肺下叶恶性肿瘤,82
慢性阻塞性肺病,17
呼吸衰竭,420
左肺下叶恶性肿瘤,93
慢性支气管炎伴肺气肿,86
右肺上叶恶性肿瘤,132
胸腔积液,650
胸主动脉夹层,54
肺栓塞,63
肺大疱,124
肺恶性肿瘤,121
肺结核,86
Ⅱ型呼吸衰竭,31
阻塞性肺炎,22
左肺上叶恶性肿瘤,70
支气管扩张伴感染,5
慢性阻塞性肺病伴有急性下呼吸道感染,51
重症肺炎,266
慢性血栓栓塞性肺动脉高压症,19
