主诊断名称,value
特发性突聋,8
恶性肿瘤放射治疗,1441
恶性肿瘤靶向治疗,1170
恶性肿瘤免疫治疗,4607
症状性癫痫[继发性癫痫],32
癫痫性意识障碍,330
高血压病2级（高危）,21
结节性甲状腺肿,17
恶性肿瘤灌注治疗,221
恶性肿瘤术后放射治疗,231
单侧腹股沟直疝,16
前列腺恶性肿瘤,116
为肿瘤化学治疗疗程,1994
四肢瘫痪,28
肿瘤术后免疫治疗,30
蛛网膜下出血,40
急性髓系白血病,349
腹膜间皮瘤,20
踝关节关节病,21
梗阻性黄疸,1179
恶性肿瘤术后免疫治疗,121
偏瘫,217
基底节出血,170
坏死性筋膜炎,221
化脓性脊柱炎,124
垂体功能减退症,198
对症治疗,572
下肢动脉硬化闭塞症,12
恶性肿瘤生物治疗,47
法特壶腹周围恶性肿瘤,173
恶性肿瘤中医治疗,32
脊柱继发恶性肿瘤,21
抑郁发作,20
凝血功能障碍,19
病态窦房结综合征,14
频发性房性期前收缩,16
肿瘤免疫治疗,60
恶性肿瘤维持性化学治疗,191
取出内固定装置,36
阑尾恶性肿瘤,45
恶性肿瘤内分泌治疗,228
腰椎椎管狭窄,31
老年核性白内障,15
前列腺增生,16
肛周恶性黑色素瘤,12
抗合成酶综合征,12
水肿,9
恶性肿瘤联合治疗后的随诊检查,24
免疫性血小板减少,66
肛周脓肿,26
腰椎间盘突出,76
血管性头痛,12
回盲部良性肿瘤,2
放射治疗,160
颞叶恶性肿瘤,26
椎体感染,41
血小板减少,27
类风湿性关节炎,14
帕金森病,7
双侧腹股沟斜疝,4
纵隔淋巴结结核,25
二尖瓣主动脉瓣及三尖瓣关闭不全,132
前列腺肿瘤的特殊筛查,4
冠状动脉粥样硬化,4
高血压病3级（中危）,9
完全性左束支传导阻滞,9
淋巴结继发恶性肿瘤,6
恶性肿瘤术后靶向治疗,70
臀部良性肿瘤,6
贫血,40
纵隔恶性肿瘤,22
视网膜分支静脉阻塞,1
甲状腺功能亢进症,2
