主诊断名称,value
下肢深静脉血栓形成,40
恶性肿瘤免疫治疗,482
脊柱继发恶性肿瘤,165
双侧腹股沟斜疝,9
脊髓亚急性联合变性,17
恶性肿瘤术后免疫治疗,12
单侧腹股沟疝,13
下肢动脉硬化闭塞症伴坏疽,216
恶性肿瘤放射性粒子置入治疗,13
感染性发热,18
前列腺增生,40
腹主动脉瘤，未提及破裂,42
主动脉溃疡,56
帕金森综合征,9
为肿瘤化学治疗疗程,76
前列腺恶性肿瘤,15
主动脉瓣狭窄伴有关闭不全,25
多处Ⅳ期压疮,706
阿尔茨海默病性痴呆,25
前列腺肿瘤,11
高血压病2级（高危）,11
下肢动脉硬化闭塞症,36
恶性肿瘤内分泌治疗,6
声带恶性肿瘤,6
老年性白内障,1
