主诊断名称,value
恶性肿瘤放射治疗,315
恶性肿瘤术后靶向治疗,98
硬膜下血肿,88
恶性肿瘤免疫治疗,1806
急性阑尾炎,36
类风湿性关节炎,56
急性髓系白血病,882
恶性肿瘤维持性化学治疗,721
恶性肿瘤靶向治疗,611
前列腺增生,92
下肢动脉栓塞和血栓形成,280
粒细胞缺乏,267
髋和下肢三度烧伤,36
上消化道出血,37
结缔组织病,20
为肿瘤化学治疗疗程,1036
急性上消化道出血,42
肿瘤术后免疫治疗,14
躯干三度烧伤,63
恶性肿瘤术后放射治疗,14
复合性溃疡伴出血,36
抑郁发作,46
恶性肿瘤支持治疗,308
老年核性白内障,15
前列腺恶性肿瘤,19
睑内翻和倒睫,10
高血压病2级（极高危）,13
腰椎椎管狭窄,37
消化道出血,1039
腹主动脉夹层,560
混合痔,10
贫血,80
前列腺肿瘤的特殊筛查,21
双侧腹股沟直疝,9
对症治疗,62
室性期前收缩,75
频发性房性期前收缩,8
并发性白内障,9
创伤性蛛网膜下腔出血,236
慢性硬膜下血肿,21
上消化道穿孔,220
偏瘫,64
慢性粒细胞白血病(加速期),42
颊部恶性肿瘤,362
恶性肿瘤术后免疫治疗,64
额叶出血,15
主动脉夹层B型,160
高血压急症,7
恶性肿瘤内分泌治疗,16
包皮过长、包茎和嵌顿包茎,7
腮腺良性肿瘤,8
恶性肿瘤化学治疗后的随诊检查,11
单侧腹股沟斜疝,6
