主诊断名称,value
肝硬化伴食管静脉曲张破裂出血,969
慢性肝衰竭,99
慢加急性肝衰竭,323
肝细胞癌,541
肝继发恶性肿瘤,324
肝硬化伴食管静脉曲张,90
肝恶性肿瘤,926
肝硬化伴食管胃底静脉曲张破裂出血,66
胆囊恶性肿瘤,60
肝衰竭,197
胆囊腺肌症,7
肝占位性病变,12
胆总管恶性肿瘤,682
乙型肝炎后肝硬化失代偿期,87
肝内胆管癌,27
肝硬化伴食管胃底静脉曲张,29
胆囊结石伴急性化脓性胆囊炎,62
乙型肝炎肝硬化,66
胆总管狭窄,27
胆囊结石伴胆囊炎,6
胆囊息肉,6
