主诊断名称,value
继发性脑积水,81
脑挫伤,34
慢性缺血性脑血管病,61
脑内出血,65
大面积脑梗死,72
大脑动脉的闭塞或狭窄引起的脑梗死,21
脑梗死,147
基底节脑梗死,10
第四脑室出血,68
创伤性硬脑膜下血肿,148
脑血管病,166
脑动脉供血不足,13
大脑动脉狭窄脑梗死,26
多发性脑梗死,84
大脑动脉血栓形成引起的脑梗死,17
2型糖尿病性周围神经病,9
脑干梗死,10
小脑梗死,7
三叉神经痛,14
颈椎病,22
