主诊断名称,value
下肢静脉曲张伴静脉炎,33
前交通动脉瘤破裂伴蛛网膜下隙出血,21
回盲部恶性肿瘤,68
恶性肿瘤免疫治疗,4157
弥漫大B细胞淋巴瘤,12
恶性肿瘤放射治疗,1173
对症治疗,191
为临床研究项目的正常比较和对照接受的检查,408
恶性肿瘤维持性化学治疗,960
恶性肿瘤术后放射治疗,1966
阑尾恶性肿瘤,12
单侧腹股沟直疝,8
恶性肿瘤靶向治疗,718
为肿瘤化学治疗疗程,1641
急性髓系白血病,644
四肢瘫痪,97
高血压病2级（极高危）,9
消化道出血,1168
二尖瓣及三尖瓣关闭不全,199
下肢深静脉血栓形成,56
巨幼细胞性贫血,60
恶性肿瘤终末期免疫治疗,36
慢性泪囊炎,9
二尖瓣主动脉瓣及三尖瓣关闭不全,102
恶性肿瘤联合治疗后的随诊检查,50
恶性肿瘤中医治疗,48
三尖瓣关闭不全,284
白细胞增多,97
脐疝,18
症状性癫痫[继发性癫痫],18
蛛网膜下出血,20
髋关节积液,181
肿瘤免疫治疗,117
睑板腺囊肿,9
腰椎椎管狭窄,34
视网膜分支静脉阻塞,11
低蛋白血症,72
恶性肿瘤介入治疗,27
恶性肿瘤术后靶向治疗,50
低钙血症,325
化脓性脊柱炎,116
恶性肿瘤术后免疫治疗,192
球麻痹,9
恶性肿瘤的治疗后的随诊检查,63
淋巴瘤,64
放射治疗,240
主动脉夹层B型,415
头皮裂伤,29
冠状动脉粥样硬化,11
血小板减少,54
下肢动脉硬化闭塞症,122
脊柱继发恶性肿瘤,47
头皮血肿,10
输液港置入,21
恶性肿瘤内分泌治疗,8
取除下腔静脉滤器,22
慢性酒精中毒,8
高血压急症,15
贫血,80
黄斑水肿,3
