主诊断名称,value
恶性肿瘤免疫治疗,927
弥漫大B细胞淋巴瘤,24
运动障碍,20
为肿瘤化学治疗疗程,330
淋巴瘤,136
恶性肿瘤靶向治疗,814
脊椎源性痛综合征,22
颅内动脉畸形,14
带状疱疹后遗症,22
对症治疗,780
冠状动脉粥样硬化,8
急性上消化道出血,24
偏瘫,52
单侧腹股沟斜疝,4
阿尔茨海默病性痴呆,10
腹主动脉瘤，未提及破裂,49
双侧腹股沟直疝,51
化脓性关节炎,15
恶性肿瘤术后免疫治疗,416
恶性肿瘤维持性化学治疗,54
主动脉瓣关闭不全,19
蝶窦肿物,19
