主诊断名称,value
恶性肿瘤免疫治疗,1837
营养不良,42
急性髓系白血病,651
单侧腹股沟斜疝,180
恶性肿瘤维持性化学治疗,631
冠状动脉粥样硬化,6
频发性室性期前收缩,23
上消化道出血,216
恶性肿瘤靶向治疗,1012
为肿瘤化学治疗疗程,919
腰椎间盘突出,203
偏瘫,15
前列腺恶性肿瘤,65
恶性肿瘤术后放射治疗,112
消化道出血,86
恶性肿瘤术前免疫治疗,7
急性化脓性阑尾炎伴腹膜炎,39
急性上消化道出血,63
腰椎椎管狭窄,244
Ⅲ度房室传导阻滞,324
恶性肿瘤放射治疗,203
恶性肿瘤术后靶向治疗,32
玻璃体积血,10
急性坏疽性阑尾炎伴穿孔伴弥漫性腹膜炎,140
老年性白内障,69
肿瘤内分泌治疗,11
老年核性白内障,7
对症治疗,119
上消化道穿孔,440
高血压2级,7
下肢动脉硬化闭塞症伴坏疽,151
恶性肿瘤联合治疗后的随诊检查,2
革兰阳性菌败血症,136
放射治疗疗程,20
下肢动脉硬化闭塞症,98
阑尾肿瘤,8
皮肤良性肿瘤,9
腮腺良性肿瘤,8
前列腺增生,6
睑内翻和倒睫,9
恶性肿瘤生物治疗,6
