主诊断名称,value
颈部脊髓损伤,24
慢性缺血性脑血管病,56
动眼神经损伤,9
脑挫伤,102
脑梗死,192
脑动脉狭窄,8
大脑动脉狭窄脑梗死,147
大脑动脉血栓形成引起的脑梗死,28
多发性脑梗死,56
短暂性脑缺血发作,6
颈肩综合征,9
2型糖尿病性周围神经病,5
腰椎间盘脱出伴坐骨神经痛,6
病毒性脑炎,14
脑干梗死,243
腰椎间盘突出伴坐骨神经痛,12
大面积脑梗死,63
脑内出血,928
运动神经元病,7
丘脑梗死,10
大脑动脉栓塞引起的脑梗死,2
