主诊断名称,value
胆总管结石伴胆管炎,122
慢加急性肝衰竭,341
急性肝衰竭,146
肝细胞癌,126
肝恶性肿瘤,2207
肝功能不全,20
肝脓肿,46
胆囊结石伴胆囊炎,114
乙型肝炎肝硬化,12
慢性肝衰竭,54
肝硬化伴食管胃底静脉曲张,114
肝硬化伴食管静脉曲张,6
胆囊结石,40
胆总管恶性肿瘤,72
肝部继发性恶性肿瘤,22
肝硬化伴食管胃底静脉曲张破裂出血,36
病毒性肝炎乙型慢性重型,178
胆囊结石伴慢性胆囊炎,46
肝硬化伴食管静脉曲张破裂出血,26
肝胆管恶性肿瘤,210
酒精性肝硬化,42
