主诊断名称,value
恶性肿瘤放射治疗,82
恶性肿瘤免疫治疗,1232
为肿瘤化学治疗疗程,680
恶性肿瘤维持性化学治疗,84
恶性肿瘤靶向治疗,1429
取除下腔静脉滤器,46
急性髓系白血病,71
便血,36
单侧腹股沟斜疝,30
脊椎源性痛综合征,21
高血压病3级（高危）,13
腹腔干动脉夹层,62
原发性单侧髋关节病,34
前列腺恶性肿瘤,147
急性冠脉综合征,111
弥漫大B细胞淋巴瘤,496
颌下淋巴结肿大,9
皮肤溃疡,22
放射治疗疗程,15
单侧腹股沟直疝,147
肿瘤术后免疫治疗,108
消化性溃疡,15
消化道出血,9
慢性髓系白血病,55
腰椎间盘突出,15
可疑结核病的观察,40
消化道穿孔,48
套细胞淋巴瘤,66
创伤性蛛网膜下腔出血,19
肿瘤内分泌治疗,18
声带恶性肿瘤,13
冠状动脉粥样硬化,6
声带麻痹,3
下肢动脉硬化闭塞症,3
