主诊断名称,value
恶性肿瘤靶向治疗,1106
为肿瘤化学治疗疗程,2315
B细胞淋巴瘤,3140
恶性肿瘤免疫治疗,3158
恶性肿瘤维持性化学治疗,1580
系统性红斑狼疮，累及器官或系统,32
恶性肿瘤放射治疗,749
腰椎继发恶性肿瘤,154
上消化道出血,120
恶性肿瘤术后放射治疗,185
甲状腺恶性肿瘤,20
嵌顿性腹股沟疝伴梗阻,9
高血压病2级（高危）,9
急性髓系白血病,2293
恶性肿瘤介入治疗,330
腹膜后恶性肿瘤,152
感染性发热,26
噬血细胞综合征,441
恶性肿瘤术后免疫治疗,52
昏迷,393
出血性内痔,5
双侧腹股沟斜疝,11
前列腺增生,26
帕金森病,111
腹主动脉瘤，未提及破裂,18
姑息性化疗,434
贫血,42
声带恶性肿瘤,33
恶性肿瘤术后靶向治疗,105
放射治疗,11
风湿性二尖瓣狭窄伴关闭不全,104
恶性肿瘤的治疗后的随诊检查,44
阴茎恶性肿瘤,9
椎动脉狭窄,16
药物性血小板减少性紫癜,47
恶性肿瘤化学治疗后的随诊检查,16
创伤性蛛网膜下出血,22
营养性贫血,57
腰椎间盘突出,49
恶性肿瘤联合治疗后的随诊检查,20
高血压病3级（中危）,14
冠状动脉粥样硬化,8
取出内固定装置,12
老年性黄斑变性,6
会厌囊肿,7
双侧腹股沟直疝,11
阿尔茨海默病,6
幻觉妄想状态,9
玻璃体积血,3
