主诊断名称,value
脑挫伤,38
2型糖尿病性周围神经病,28
脑内出血,618
局灶性大脑挫伤伴大量出血,272
脑梗死,69
创伤性脑出血,1315
小脑出血,44
出血性脑梗死,10
大脑动脉血栓形成引起的脑梗死,17
脑脓肿,75
颈部脊髓损伤,465
低血糖昏迷性脑病,13
大脑动脉狭窄脑梗死,22
颈内动脉血栓形成,17
代谢性脑病,92
基底节脑梗死,33
肺性脑病,25
脑干梗死,42
创伤性硬脑膜下血肿,16
颈椎病,8
大脑动脉闭塞脑梗死,13
缺血性视神经病变,2
