主诊断名称,value
恶性肿瘤术后靶向治疗,19
急性冠脉综合征,134
恶性肿瘤放射治疗,82
恶性肿瘤免疫治疗,1182
消化道穿孔,41
主动脉夹层A型,363
恶性肿瘤免疫治疗后的随诊检查,68
下肢三度烧伤,30
取除下腔静脉滤器,92
为肿瘤化学治疗疗程,690
溶血性贫血,446
巨幼细胞性贫血,50
原发性单侧髋关节病,34
马尾综合征,17
感染性发热,9
急性髓系白血病,189
恶性肿瘤靶向治疗,422
放射治疗疗程,15
前列腺增生,63
化脓性关节炎,41
腰椎椎管狭窄,12
前列腺恶性肿瘤,156
急性上消化道出血,633
急性非ST段抬高型急性冠脉综合征,768
下肢动脉硬化闭塞症伴坏疽,23
感染性休克,126
恶性肿瘤维持性化学治疗,5
套细胞淋巴瘤,22
盆腔恶性肿瘤,8
高血压病2级（极高危）,12
肿瘤内分泌治疗,18
声带恶性肿瘤,13
高血压病3级（极高危）,8
声带麻痹,3
高血压病3级（高危）,1
