主诊断名称,value
继发性脑积水,81
创伤性硬脑膜外血肿,111
慢性缺血性脑血管病,158
大脑动脉狭窄脑梗死,174
缺血性视神经病变,44
颈动脉硬化,7
2型糖尿病性周围神经病,23
大脑动脉闭塞脑梗死,20
颈部脊髓损伤,182
代谢性脑病,15
脑内出血,249
自体免疫性脑炎,262
丘脑出血,206
大脑动脉的闭塞或狭窄引起的脑梗死,38
脑梗死,174
脑病,344
非创伤性脑内血肿,352
多发性脑梗死,19
脑挫伤,305
腰椎间盘突出伴坐骨神经痛,41
大脑动脉血栓形成引起的脑梗死,17
脑出血恢复期,60
颈椎间盘突出,26
脑干梗死,6
小脑梗死,14
