主诊断名称,value
肺恶性肿瘤,940
支气管扩张(症),32
右肺下叶恶性肿瘤,28
右肺上叶恶性肿瘤,57
左肺上叶恶性肿瘤,114
呼吸衰竭,141
阻塞性肺炎,34
肺部感染,441
慢性阻塞性肺病伴有急性加重,150
食管胸下段恶性肿瘤,78
肺炎克雷伯杆菌感染,18
急性呼吸衰竭,173
慢性阻塞性肺病,21
左肺下叶恶性肿瘤,14
肺气肿,14
肺结核,24
肺良性肿瘤,12
胸腺肿瘤,9
放射性肺炎,49
右肺中叶恶性肿瘤,18
支气管扩张伴咯血,10
肺占位性病变,3
