主诊断名称,value
社区获得性肺炎，非重症,28
肺占位性病变,12
右肺下叶恶性肿瘤,99
胸椎结核,63
肺部感染,1192
结核性胸膜炎,30
左肺上叶恶性肿瘤,52
呼吸衰竭,116
支气管扩张伴咯血,20
肺恶性肿瘤,416
慢性阻塞性肺病伴有急性加重,28
慢性阻塞性肺病,5
肺不张,18
右肺中叶恶性肿瘤,96
重症肺炎,372
右肺上叶恶性肿瘤,40
肺脓肿伴有肺炎,46
胸腔积液,35
慢性阻塞性肺病伴有急性下呼吸道感染,3
