主诊断名称,value
为肿瘤化学治疗疗程,881
类风湿性关节炎,28
恶性肿瘤的治疗后的随诊检查,42
高血压2级,13
克罗恩病,22
躯体形式障碍,22
恶性肿瘤免疫治疗,370
外阴恶性肿瘤,565
恶性肿瘤靶向治疗,111
脊髓炎,9
恶性肿瘤放射治疗,95
复发性风湿病,10
急性白血病,2120
帕金森综合征,20
急性化脓性阑尾炎伴穿孔伴局限性腹膜炎,30
输液港置入,32
混合痔,13
颅内动脉瘤破裂伴蛛网膜下隙出血,62
高血压,23
不伴有精神病性症状的重度抑郁发作,20
对症治疗,19
硬膜下血肿,41
风湿性多肌痛,14
弥漫大B细胞淋巴瘤,30
腭黏膜息肉,8
垂体瘤,61
贲门恶性肿瘤,68
颅内动脉瘤,14
躯体化障碍,5
人工动静脉瘘血栓形成,11
腹腔肿瘤,44
恶性肿瘤维持性化学治疗,48
冠状动脉粥样硬化,5
吻合口穿孔,14
腰椎椎管狭窄,5
良性阵发性眩晕,13
恶性肿瘤中医治疗,16
甲状腺恶性肿瘤,4
低级别鳞状上皮内病变,15
恶性肿瘤联合治疗后的随诊检查,2
帕金森病,5
内侧半月板损伤,3
结节性甲状腺肿,3
