主诊断名称,value
肺部感染,22
右肺下叶恶性肿瘤,44
呼吸衰竭,405
左肺上叶恶性肿瘤,224
慢性阻塞性肺病,57
右肺上叶恶性肿瘤,543
肺恶性肿瘤,932
胸腔积液,408
左肺下叶恶性肿瘤,147
间质性肺炎,264
右肺中叶恶性肿瘤,81
食管胸下段恶性肿瘤,106
肺中上叶恶性肿瘤,109
重症肺炎,126
机化性肺炎,93
肺中下叶恶性肿瘤,74
慢性阻塞性肺病伴有急性加重,127
结核性胸膜炎(初治),19
肺栓塞,53
侵入性肺曲霉病,82
右肺恶性肿瘤,37
胸部食管恶性肿瘤,16
肺肉芽肿,22
胸主动脉瘤，未提及破裂,111
胸椎结核,90
