主诊断名称,value
为肿瘤化学治疗疗程,1947
恶性肿瘤靶向治疗,1874
恶性肿瘤免疫治疗,3161
角膜基质炎,8
边缘区B细胞淋巴瘤,1400
急性坏疽性阑尾炎伴腹膜炎,53
恶性肿瘤维持性化学治疗,556
认知障碍,80
恶性肿瘤灌注治疗,135
恶性肿瘤放射治疗,290
创伤性硬膜下出血,228
前列腺增生,27
多处挫伤,21
下肢动脉硬化闭塞症,155
椎动脉狭窄,11
冠状动脉粥样硬化,124
三尖瓣关闭不全,188
史蒂文斯-约翰逊综合征,9
弥漫大B细胞淋巴瘤,9
前列腺恶性肿瘤,137
偏瘫,536
消化道出血,36
肿瘤术后免疫治疗,30
眶恶性肿瘤,56
梗阻性黄疸,3905
恶性肿瘤的治疗后的随诊检查,23
恶性肿瘤联合治疗后的随诊检查,80
恶性肿瘤中医治疗,42
晕厥,6
恶性肿瘤放射性粒子置入治疗,161
垂体功能减退症,99
对症治疗,305
高度房室传导阻滞,19
下肢动脉硬化闭塞症伴坏疽,31
急性阑尾炎,5
急性会厌炎,13
恶性肿瘤生物治疗,57
二尖瓣主动脉瓣及三尖瓣关闭不全,122
声带肿物,2
恶性肿瘤介入治疗,147
腮腺良性肿瘤,12
贲门恶性肿瘤,53
恶性肿瘤内分泌治疗,326
人工动静脉瘘狭窄,29
玻璃体积血,36
下肢血栓性静脉炎,13
声带息肉,7
蛛网膜下出血,194
颅内出血(非创伤性),62
并发性白内障,5
恶性肿瘤术后免疫治疗,123
四肢瘫痪,394
营养不良,84
主动脉瓣狭窄伴有关闭不全,143
脊柱结核,12
移植皮瓣坏死,6
声带恶性肿瘤,5
基底节出血,10
慢性硬膜下血肿,19
双侧腹股沟斜疝,4
甲状腺恶性肿瘤,7
肿瘤免疫治疗,10
单侧腹股沟直疝,54
黄斑裂孔,6
脊柱侧弯,7
房性期前收缩[房性早搏],2
腮腺恶性肿瘤,3
ANCA相关性血管炎,9
视网膜分支静脉阻塞,2
