主诊断名称,value
恶性肿瘤免疫治疗,437
四肢瘫痪,62
杀鼠剂中毒,150
为肿瘤化学治疗疗程,517
便血,288
急性冠脉综合征,62
睡眠障碍,10
对症治疗,18
肿瘤内分泌治疗,34
结核性腹膜炎,46
偏瘫,52
单侧腹股沟斜疝,23
回盲部恶性肿瘤,244
血栓闭塞性血管炎［伯格］,12
弥漫大B细胞淋巴瘤,248
壶腹部肿瘤,48
基底节出血,143
颞叶出血,18
类风湿性关节炎,14
肿瘤术后免疫治疗,24
前列腺恶性肿瘤,35
下肢静脉血栓形成,50
恶性肿瘤术后免疫治疗,26
后循环缺血,8
消化道出血,9
贲门恶性肿瘤,11
恶性肿瘤维持性化学治疗,85
恶性肿瘤靶向治疗,144
恶性肿瘤放射治疗,5
老年核性白内障,20
腹股沟斜疝,10
