主诊断名称,value
Ⅱ型呼吸衰竭,687
慢性阻塞性肺病伴有急性加重,26
支气管动脉畸形,52
左肺恶性肿瘤,110
肺恶性肿瘤,637
I型呼吸衰竭,1116
右肺上叶恶性肿瘤,45
肺原位癌,62
肺结核,8
肺良性病变,134
左肺下叶恶性肿瘤,83
支气管扩张伴感染,7
肺部感染,124
重症肺炎,1045
系统性硬化症性肺间质纤维化,23
左肺上叶恶性肿瘤,13
呼吸衰竭,594
右肺下叶恶性肿瘤,4
阻塞性肺炎,156
机化性肺炎,26
慢性阻塞性肺病,14
创伤性气胸,7
恶性胸腔积液,7
间质性肺炎,2
