就诊ID,分组标识
MDTRT_ID_1,0
MDTRT_ID_10,0
MDTRT_ID_100,0
MDTRT_ID_1000,0
MDTRT_ID_1001,0
MDTRT_ID_1002,0
MDTRT_ID_1003,0
MDTRT_ID_1004,0
MDTRT_ID_1005,0
MDTRT_ID_1006,0
MDTRT_ID_1007,0
MDTRT_ID_1008,0
MDTRT_ID_1009,0
MDTRT_ID_101,0
MDTRT_ID_1010,0
MDTRT_ID_1011,0
MDTRT_ID_1012,0
MDTRT_ID_1013,0
MDTRT_ID_1014,0
MDTRT_ID_1015,0
MDTRT_ID_1016,0
MDTRT_ID_1017,0
MDTRT_ID_1018,0
MDTRT_ID_1019,0
MDTRT_ID_102,0
MDTRT_ID_1020,0
MDTRT_ID_1021,0
MDTRT_ID_1022,0
MDTRT_ID_1023,0
MDTRT_ID_1024,0
MDTRT_ID_1025,0
MDTRT_ID_1026,0
MDTRT_ID_1027,0
MDTRT_ID_1028,0
MDTRT_ID_1029,0
MDTRT_ID_103,0
MDTRT_ID_1030,0
MDTRT_ID_1031,0
MDTRT_ID_1032,0
MDTRT_ID_1033,0
MDTRT_ID_1034,0
MDTRT_ID_1035,0
MDTRT_ID_1036,0
MDTRT_ID_1037,0
MDTRT_ID_1038,0
MDTRT_ID_1039,0
MDTRT_ID_104,0
MDTRT_ID_1040,0
MDTRT_ID_1041,0
MDTRT_ID_1042,0
MDTRT_ID_1043,0
MDTRT_ID_1044,0
MDTRT_ID_1045,0
MDTRT_ID_1046,0
MDTRT_ID_1047,0
MDTRT_ID_1048,0
MDTRT_ID_1049,0
MDTRT_ID_105,0
MDTRT_ID_1050,0
MDTRT_ID_1051,0
MDTRT_ID_1052,0
MDTRT_ID_1053,0
MDTRT_ID_1054,0
MDTRT_ID_1055,0
MDTRT_ID_1056,0
MDTRT_ID_1057,0
MDTRT_ID_1058,0
MDTRT_ID_1059,0
MDTRT_ID_106,0
MDTRT_ID_1060,0
MDTRT_ID_1061,0
MDTRT_ID_1062,0
MDTRT_ID_1063,0
MDTRT_ID_1064,0
MDTRT_ID_1065,0
MDTRT_ID_1066,0
MDTRT_ID_1067,0
MDTRT_ID_1068,0
MDTRT_ID_1069,0
MDTRT_ID_107,0
MDTRT_ID_1070,0
MDTRT_ID_1071,0
MDTRT_ID_1072,0
MDTRT_ID_1073,0
MDTRT_ID_1074,0
MDTRT_ID_1075,0
MDTRT_ID_1076,0
MDTRT_ID_1077,0
MDTRT_ID_1078,0
MDTRT_ID_1079,0
MDTRT_ID_108,0
MDTRT_ID_1080,0
MDTRT_ID_1081,0
MDTRT_ID_1082,0
MDTRT_ID_1083,0
MDTRT_ID_1084,0
MDTRT_ID_1085,0
MDTRT_ID_1086,0
MDTRT_ID_1087,0
MDTRT_ID_1088,0
MDTRT_ID_1089,0
MDTRT_ID_109,0
MDTRT_ID_1090,0
MDTRT_ID_1091,0
MDTRT_ID_1092,0
MDTRT_ID_1093,0
MDTRT_ID_1094,0
MDTRT_ID_1095,0
MDTRT_ID_1096,0
MDTRT_ID_1097,0
MDTRT_ID_1098,0
MDTRT_ID_1099,0
MDTRT_ID_11,0
MDTRT_ID_110,0
MDTRT_ID_1100,0
MDTRT_ID_1101,0
MDTRT_ID_1102,0
MDTRT_ID_1103,0
MDTRT_ID_1104,0
MDTRT_ID_1105,0
MDTRT_ID_1106,0
MDTRT_ID_1107,0
MDTRT_ID_1108,0
MDTRT_ID_1109,0
MDTRT_ID_111,0
MDTRT_ID_1110,0
MDTRT_ID_1111,0
MDTRT_ID_1112,0
MDTRT_ID_1113,0
MDTRT_ID_1114,0
MDTRT_ID_1115,0
MDTRT_ID_1116,0
MDTRT_ID_1117,0
MDTRT_ID_1118,0
MDTRT_ID_1119,0
MDTRT_ID_112,0
MDTRT_ID_1120,0
MDTRT_ID_1121,0
MDTRT_ID_1122,0
MDTRT_ID_1123,0
MDTRT_ID_1124,0
MDTRT_ID_1125,0
MDTRT_ID_113,0
MDTRT_ID_114,0
MDTRT_ID_115,0
MDTRT_ID_116,0
MDTRT_ID_117,0
MDTRT_ID_118,0
MDTRT_ID_119,0
MDTRT_ID_12,0
MDTRT_ID_121,0
MDTRT_ID_122,0
MDTRT_ID_123,0
MDTRT_ID_124,0
MDTRT_ID_125,0
MDTRT_ID_126,0
MDTRT_ID_127,0
MDTRT_ID_128,0
MDTRT_ID_129,0
MDTRT_ID_13,0
MDTRT_ID_130,0
MDTRT_ID_131,0
MDTRT_ID_132,0
MDTRT_ID_133,0
MDTRT_ID_134,0
MDTRT_ID_135,0
MDTRT_ID_136,0
MDTRT_ID_137,0
MDTRT_ID_138,0
MDTRT_ID_139,0
MDTRT_ID_14,0
MDTRT_ID_140,0
MDTRT_ID_141,0
MDTRT_ID_142,0
MDTRT_ID_143,0
MDTRT_ID_144,0
MDTRT_ID_145,0
MDTRT_ID_146,0
MDTRT_ID_147,0
MDTRT_ID_148,0
MDTRT_ID_149,0
MDTRT_ID_15,0
MDTRT_ID_150,0
MDTRT_ID_151,0
MDTRT_ID_152,0
MDTRT_ID_153,0
MDTRT_ID_154,0
MDTRT_ID_155,0
MDTRT_ID_156,0
MDTRT_ID_157,0
MDTRT_ID_158,0
MDTRT_ID_159,0
MDTRT_ID_16,0
MDTRT_ID_160,0
MDTRT_ID_161,0
MDTRT_ID_162,0
MDTRT_ID_163,0
MDTRT_ID_164,0
MDTRT_ID_165,0
MDTRT_ID_166,0
MDTRT_ID_167,0
MDTRT_ID_168,0
MDTRT_ID_169,0
MDTRT_ID_17,0
MDTRT_ID_170,0
MDTRT_ID_171,0
MDTRT_ID_172,0
MDTRT_ID_173,0
MDTRT_ID_174,0
MDTRT_ID_175,0
MDTRT_ID_176,0
MDTRT_ID_177,0
MDTRT_ID_178,0
MDTRT_ID_179,0
MDTRT_ID_18,0
MDTRT_ID_180,0
MDTRT_ID_181,0
MDTRT_ID_183,0
MDTRT_ID_184,0
MDTRT_ID_185,0
MDTRT_ID_186,0
MDTRT_ID_187,0
MDTRT_ID_188,0
MDTRT_ID_189,0
MDTRT_ID_19,0
MDTRT_ID_190,0
MDTRT_ID_191,0
MDTRT_ID_192,0
MDTRT_ID_193,0
MDTRT_ID_194,0
MDTRT_ID_195,0
MDTRT_ID_196,0
MDTRT_ID_197,0
MDTRT_ID_198,0
MDTRT_ID_199,0
MDTRT_ID_2,0
MDTRT_ID_20,0
MDTRT_ID_200,0
MDTRT_ID_201,0
MDTRT_ID_202,0
MDTRT_ID_203,0
MDTRT_ID_204,0
MDTRT_ID_205,0
MDTRT_ID_206,0
MDTRT_ID_207,0
MDTRT_ID_208,0
MDTRT_ID_209,0
MDTRT_ID_21,0
MDTRT_ID_210,0
MDTRT_ID_211,0
MDTRT_ID_212,0
MDTRT_ID_213,0
MDTRT_ID_214,0
MDTRT_ID_215,0
MDTRT_ID_216,0
MDTRT_ID_217,0
MDTRT_ID_218,0
MDTRT_ID_219,0
MDTRT_ID_22,0
MDTRT_ID_220,0
MDTRT_ID_221,0
MDTRT_ID_222,0
MDTRT_ID_223,0
MDTRT_ID_225,0
MDTRT_ID_226,0
MDTRT_ID_227,0
MDTRT_ID_228,0
MDTRT_ID_229,0
MDTRT_ID_23,0
MDTRT_ID_230,0
MDTRT_ID_231,0
MDTRT_ID_232,0
MDTRT_ID_233,0
MDTRT_ID_234,0
MDTRT_ID_235,0
MDTRT_ID_236,0
MDTRT_ID_237,0
MDTRT_ID_238,0
MDTRT_ID_239,0
MDTRT_ID_24,0
MDTRT_ID_240,0
MDTRT_ID_241,0
MDTRT_ID_242,0
MDTRT_ID_243,0
MDTRT_ID_244,0
MDTRT_ID_245,0
MDTRT_ID_246,0
MDTRT_ID_247,0
MDTRT_ID_248,0
MDTRT_ID_249,0
MDTRT_ID_25,0
MDTRT_ID_251,0
MDTRT_ID_252,0
MDTRT_ID_253,0
MDTRT_ID_254,0
MDTRT_ID_255,0
MDTRT_ID_256,0
MDTRT_ID_257,0
MDTRT_ID_258,0
MDTRT_ID_259,0
MDTRT_ID_26,0
MDTRT_ID_260,0
MDTRT_ID_261,0
MDTRT_ID_262,0
MDTRT_ID_263,0
MDTRT_ID_264,0
MDTRT_ID_265,0
MDTRT_ID_266,0
MDTRT_ID_267,0
MDTRT_ID_268,0
MDTRT_ID_269,0
MDTRT_ID_27,0
MDTRT_ID_270,0
MDTRT_ID_271,0
MDTRT_ID_272,0
MDTRT_ID_273,0
MDTRT_ID_274,0
MDTRT_ID_275,0
MDTRT_ID_276,0
MDTRT_ID_277,0
MDTRT_ID_278,0
MDTRT_ID_279,0
MDTRT_ID_28,0
MDTRT_ID_280,0
MDTRT_ID_281,0
MDTRT_ID_282,0
MDTRT_ID_283,0
MDTRT_ID_284,0
MDTRT_ID_285,0
MDTRT_ID_286,0
MDTRT_ID_287,0
MDTRT_ID_288,0
MDTRT_ID_289,0
MDTRT_ID_29,0
MDTRT_ID_290,0
MDTRT_ID_291,0
MDTRT_ID_292,0
MDTRT_ID_293,0
MDTRT_ID_294,0
MDTRT_ID_295,0
MDTRT_ID_296,0
MDTRT_ID_297,0
MDTRT_ID_298,0
MDTRT_ID_299,0
MDTRT_ID_3,0
MDTRT_ID_30,0
MDTRT_ID_300,0
MDTRT_ID_301,0
MDTRT_ID_302,0
MDTRT_ID_303,0
MDTRT_ID_304,0
MDTRT_ID_305,0
MDTRT_ID_306,0
MDTRT_ID_307,0
MDTRT_ID_308,0
MDTRT_ID_309,0
MDTRT_ID_31,0
MDTRT_ID_310,0
MDTRT_ID_311,0
MDTRT_ID_312,0
MDTRT_ID_313,0
MDTRT_ID_314,0
MDTRT_ID_315,0
MDTRT_ID_316,0
MDTRT_ID_317,0
MDTRT_ID_318,0
MDTRT_ID_319,0
MDTRT_ID_32,0
MDTRT_ID_320,0
MDTRT_ID_321,0
MDTRT_ID_322,0
MDTRT_ID_323,0
MDTRT_ID_324,0
MDTRT_ID_325,0
MDTRT_ID_326,0
MDTRT_ID_327,0
MDTRT_ID_328,0
MDTRT_ID_329,0
MDTRT_ID_33,0
MDTRT_ID_330,0
MDTRT_ID_331,0
MDTRT_ID_332,0
MDTRT_ID_333,0
MDTRT_ID_334,0
MDTRT_ID_335,0
MDTRT_ID_336,0
MDTRT_ID_337,0
MDTRT_ID_338,0
MDTRT_ID_339,0
MDTRT_ID_34,0
MDTRT_ID_340,0
MDTRT_ID_341,0
MDTRT_ID_342,0
MDTRT_ID_343,0
MDTRT_ID_344,0
MDTRT_ID_345,0
MDTRT_ID_346,0
MDTRT_ID_347,0
MDTRT_ID_348,0
MDTRT_ID_349,0
MDTRT_ID_35,0
MDTRT_ID_350,0
MDTRT_ID_351,0
MDTRT_ID_352,0
MDTRT_ID_353,0
MDTRT_ID_354,0
MDTRT_ID_355,0
MDTRT_ID_356,0
MDTRT_ID_357,0
MDTRT_ID_358,0
MDTRT_ID_359,0
MDTRT_ID_36,0
MDTRT_ID_360,0
MDTRT_ID_361,0
MDTRT_ID_362,0
MDTRT_ID_363,0
MDTRT_ID_364,0
MDTRT_ID_365,0
MDTRT_ID_366,0
MDTRT_ID_367,0
MDTRT_ID_368,0
MDTRT_ID_369,0
MDTRT_ID_37,0
MDTRT_ID_370,0
MDTRT_ID_371,0
MDTRT_ID_372,0
MDTRT_ID_373,0
MDTRT_ID_374,0
MDTRT_ID_375,0
MDTRT_ID_376,0
MDTRT_ID_377,0
MDTRT_ID_378,0
MDTRT_ID_38,0
MDTRT_ID_380,0
MDTRT_ID_381,0
MDTRT_ID_382,0
MDTRT_ID_383,0
MDTRT_ID_384,0
MDTRT_ID_385,0
MDTRT_ID_386,0
MDTRT_ID_387,0
MDTRT_ID_388,0
MDTRT_ID_389,0
MDTRT_ID_39,0
MDTRT_ID_390,0
MDTRT_ID_391,0
MDTRT_ID_392,0
MDTRT_ID_393,0
MDTRT_ID_394,0
MDTRT_ID_395,0
MDTRT_ID_396,0
MDTRT_ID_397,0
MDTRT_ID_398,0
MDTRT_ID_399,0
MDTRT_ID_4,0
MDTRT_ID_400,0
MDTRT_ID_401,0
MDTRT_ID_402,0
MDTRT_ID_403,0
MDTRT_ID_404,0
MDTRT_ID_405,0
MDTRT_ID_406,0
MDTRT_ID_407,0
MDTRT_ID_408,0
MDTRT_ID_409,0
MDTRT_ID_41,0
MDTRT_ID_410,0
MDTRT_ID_411,0
MDTRT_ID_412,0
MDTRT_ID_413,0
MDTRT_ID_414,0
MDTRT_ID_415,0
MDTRT_ID_416,0
MDTRT_ID_417,0
MDTRT_ID_418,0
MDTRT_ID_419,0
MDTRT_ID_42,0
MDTRT_ID_420,0
MDTRT_ID_421,0
MDTRT_ID_422,0
MDTRT_ID_424,0
MDTRT_ID_425,0
MDTRT_ID_426,0
MDTRT_ID_427,0
MDTRT_ID_428,0
MDTRT_ID_429,0
MDTRT_ID_43,0
MDTRT_ID_430,0
MDTRT_ID_431,0
MDTRT_ID_432,0
MDTRT_ID_433,0
MDTRT_ID_434,0
MDTRT_ID_435,0
MDTRT_ID_436,0
MDTRT_ID_437,0
MDTRT_ID_439,0
MDTRT_ID_44,0
MDTRT_ID_440,0
MDTRT_ID_441,0
MDTRT_ID_442,0
MDTRT_ID_443,0
MDTRT_ID_444,0
MDTRT_ID_445,0
MDTRT_ID_446,0
MDTRT_ID_447,0
MDTRT_ID_448,0
MDTRT_ID_449,0
MDTRT_ID_450,0
MDTRT_ID_451,0
MDTRT_ID_452,0
MDTRT_ID_453,0
MDTRT_ID_454,0
MDTRT_ID_455,0
MDTRT_ID_456,0
MDTRT_ID_457,0
MDTRT_ID_458,0
MDTRT_ID_459,0
MDTRT_ID_46,0
MDTRT_ID_460,0
MDTRT_ID_461,0
MDTRT_ID_462,0
MDTRT_ID_463,0
MDTRT_ID_464,0
MDTRT_ID_465,0
MDTRT_ID_466,0
MDTRT_ID_467,0
MDTRT_ID_468,0
MDTRT_ID_469,0
MDTRT_ID_47,0
MDTRT_ID_470,0
MDTRT_ID_471,0
MDTRT_ID_472,0
MDTRT_ID_473,0
MDTRT_ID_474,0
MDTRT_ID_475,0
MDTRT_ID_476,0
MDTRT_ID_477,0
MDTRT_ID_478,0
MDTRT_ID_479,0
MDTRT_ID_48,0
MDTRT_ID_480,0
MDTRT_ID_481,0
MDTRT_ID_482,0
MDTRT_ID_483,0
MDTRT_ID_484,0
MDTRT_ID_485,0
MDTRT_ID_486,0
MDTRT_ID_487,0
MDTRT_ID_488,0
MDTRT_ID_489,0
MDTRT_ID_49,0
MDTRT_ID_490,0
MDTRT_ID_491,0
MDTRT_ID_493,0
MDTRT_ID_494,0
MDTRT_ID_495,0
MDTRT_ID_496,0
MDTRT_ID_497,0
MDTRT_ID_498,0
MDTRT_ID_499,0
MDTRT_ID_5,0
MDTRT_ID_50,0
MDTRT_ID_500,0
MDTRT_ID_501,0
MDTRT_ID_502,0
MDTRT_ID_503,0
MDTRT_ID_504,0
MDTRT_ID_505,0
MDTRT_ID_506,0
MDTRT_ID_507,0
MDTRT_ID_508,0
MDTRT_ID_51,0
MDTRT_ID_510,0
MDTRT_ID_511,0
MDTRT_ID_512,0
MDTRT_ID_514,0
MDTRT_ID_515,0
MDTRT_ID_516,0
MDTRT_ID_517,0
MDTRT_ID_518,0
MDTRT_ID_519,0
MDTRT_ID_52,0
MDTRT_ID_520,0
MDTRT_ID_521,0
MDTRT_ID_522,0
MDTRT_ID_523,0
MDTRT_ID_524,0
MDTRT_ID_525,0
MDTRT_ID_526,0
MDTRT_ID_527,0
MDTRT_ID_528,0
MDTRT_ID_529,0
MDTRT_ID_53,0
MDTRT_ID_530,0
MDTRT_ID_531,0
MDTRT_ID_532,0
MDTRT_ID_533,0
MDTRT_ID_534,0
MDTRT_ID_535,0
MDTRT_ID_536,0
MDTRT_ID_537,0
MDTRT_ID_538,0
MDTRT_ID_539,0
MDTRT_ID_54,0
MDTRT_ID_540,0
MDTRT_ID_541,0
MDTRT_ID_542,0
MDTRT_ID_543,0
MDTRT_ID_544,0
MDTRT_ID_546,0
MDTRT_ID_547,0
MDTRT_ID_548,0
MDTRT_ID_549,0
MDTRT_ID_55,0
MDTRT_ID_550,0
MDTRT_ID_551,0
MDTRT_ID_552,0
MDTRT_ID_553,0
MDTRT_ID_554,0
MDTRT_ID_555,0
MDTRT_ID_556,0
MDTRT_ID_557,0
MDTRT_ID_558,0
MDTRT_ID_559,0
MDTRT_ID_56,0
MDTRT_ID_560,0
MDTRT_ID_561,0
MDTRT_ID_562,0
MDTRT_ID_563,0
MDTRT_ID_564,0
MDTRT_ID_565,0
MDTRT_ID_566,0
MDTRT_ID_567,0
MDTRT_ID_568,0
MDTRT_ID_569,0
MDTRT_ID_57,0
MDTRT_ID_570,0
MDTRT_ID_571,0
MDTRT_ID_572,0
MDTRT_ID_573,0
MDTRT_ID_574,0
MDTRT_ID_575,0
MDTRT_ID_576,0
MDTRT_ID_577,0
MDTRT_ID_578,0
MDTRT_ID_579,0
MDTRT_ID_58,0
MDTRT_ID_580,0
MDTRT_ID_581,0
MDTRT_ID_582,0
MDTRT_ID_583,0
MDTRT_ID_584,0
MDTRT_ID_585,0
MDTRT_ID_586,0
MDTRT_ID_587,0
MDTRT_ID_588,0
MDTRT_ID_589,0
MDTRT_ID_59,0
MDTRT_ID_590,0
MDTRT_ID_591,0
MDTRT_ID_592,0
MDTRT_ID_593,0
MDTRT_ID_594,0
MDTRT_ID_595,0
MDTRT_ID_596,0
MDTRT_ID_597,0
MDTRT_ID_598,0
MDTRT_ID_599,0
MDTRT_ID_6,0
MDTRT_ID_60,0
MDTRT_ID_600,0
MDTRT_ID_601,0
MDTRT_ID_602,0
MDTRT_ID_603,0
MDTRT_ID_605,0
MDTRT_ID_607,0
MDTRT_ID_608,0
MDTRT_ID_609,0
MDTRT_ID_61,0
MDTRT_ID_610,0
MDTRT_ID_611,0
MDTRT_ID_612,0
MDTRT_ID_613,0
MDTRT_ID_614,0
MDTRT_ID_615,0
MDTRT_ID_616,0
MDTRT_ID_617,0
MDTRT_ID_618,0
MDTRT_ID_619,0
MDTRT_ID_62,0
MDTRT_ID_621,0
MDTRT_ID_622,0
MDTRT_ID_623,0
MDTRT_ID_624,0
MDTRT_ID_625,0
MDTRT_ID_626,0
MDTRT_ID_627,0
MDTRT_ID_628,0
MDTRT_ID_629,0
MDTRT_ID_63,0
MDTRT_ID_630,0
MDTRT_ID_631,0
MDTRT_ID_632,0
MDTRT_ID_633,0
MDTRT_ID_634,0
MDTRT_ID_635,0
MDTRT_ID_636,0
MDTRT_ID_637,0
MDTRT_ID_638,0
MDTRT_ID_639,0
MDTRT_ID_64,0
MDTRT_ID_640,0
MDTRT_ID_641,0
MDTRT_ID_642,0
MDTRT_ID_643,0
MDTRT_ID_644,0
MDTRT_ID_645,0
MDTRT_ID_646,0
MDTRT_ID_647,0
MDTRT_ID_648,0
MDTRT_ID_649,0
MDTRT_ID_65,0
MDTRT_ID_650,0
MDTRT_ID_651,0
MDTRT_ID_652,0
MDTRT_ID_653,0
MDTRT_ID_654,0
MDTRT_ID_655,0
MDTRT_ID_656,0
MDTRT_ID_657,0
MDTRT_ID_658,0
MDTRT_ID_659,0
MDTRT_ID_66,0
MDTRT_ID_660,0
MDTRT_ID_661,0
MDTRT_ID_662,0
MDTRT_ID_663,0
MDTRT_ID_664,0
MDTRT_ID_665,0
MDTRT_ID_666,0
MDTRT_ID_667,0
MDTRT_ID_668,0
MDTRT_ID_669,0
MDTRT_ID_67,0
MDTRT_ID_670,0
MDTRT_ID_671,0
MDTRT_ID_672,0
MDTRT_ID_673,0
MDTRT_ID_674,0
MDTRT_ID_675,0
MDTRT_ID_676,0
MDTRT_ID_677,0
MDTRT_ID_678,0
MDTRT_ID_679,0
MDTRT_ID_68,0
MDTRT_ID_680,0
MDTRT_ID_681,0
MDTRT_ID_682,0
MDTRT_ID_683,0
MDTRT_ID_684,0
MDTRT_ID_685,0
MDTRT_ID_686,0
MDTRT_ID_687,0
MDTRT_ID_688,0
MDTRT_ID_689,0
MDTRT_ID_69,0
MDTRT_ID_690,0
MDTRT_ID_691,0
MDTRT_ID_692,0
MDTRT_ID_693,0
MDTRT_ID_694,0
MDTRT_ID_695,0
MDTRT_ID_696,0
MDTRT_ID_697,0
MDTRT_ID_698,0
MDTRT_ID_699,0
MDTRT_ID_7,0
MDTRT_ID_70,0
MDTRT_ID_700,0
MDTRT_ID_701,0
MDTRT_ID_702,0
MDTRT_ID_703,0
MDTRT_ID_704,0
MDTRT_ID_705,0
MDTRT_ID_706,0
MDTRT_ID_707,0
MDTRT_ID_708,0
MDTRT_ID_709,0
MDTRT_ID_71,0
MDTRT_ID_710,0
MDTRT_ID_711,0
MDTRT_ID_712,0
MDTRT_ID_713,0
MDTRT_ID_714,0
MDTRT_ID_715,0
MDTRT_ID_716,0
MDTRT_ID_717,0
MDTRT_ID_718,0
MDTRT_ID_719,0
MDTRT_ID_72,0
MDTRT_ID_720,0
MDTRT_ID_722,0
MDTRT_ID_723,0
MDTRT_ID_724,0
MDTRT_ID_725,0
MDTRT_ID_726,0
MDTRT_ID_727,0
MDTRT_ID_728,0
MDTRT_ID_729,0
MDTRT_ID_73,0
MDTRT_ID_730,0
MDTRT_ID_731,0
MDTRT_ID_732,0
MDTRT_ID_733,0
MDTRT_ID_734,0
MDTRT_ID_735,0
MDTRT_ID_736,0
MDTRT_ID_737,0
MDTRT_ID_738,0
MDTRT_ID_739,0
MDTRT_ID_74,0
MDTRT_ID_740,0
MDTRT_ID_741,0
MDTRT_ID_742,0
MDTRT_ID_743,0
MDTRT_ID_744,0
MDTRT_ID_745,0
MDTRT_ID_746,0
MDTRT_ID_747,0
MDTRT_ID_748,0
MDTRT_ID_749,0
MDTRT_ID_75,0
MDTRT_ID_750,0
MDTRT_ID_751,0
MDTRT_ID_752,0
MDTRT_ID_753,0
MDTRT_ID_754,0
MDTRT_ID_755,0
MDTRT_ID_756,0
MDTRT_ID_757,0
MDTRT_ID_758,0
MDTRT_ID_759,0
MDTRT_ID_76,0
MDTRT_ID_760,0
MDTRT_ID_761,0
MDTRT_ID_762,0
MDTRT_ID_763,0
MDTRT_ID_764,0
MDTRT_ID_765,0
MDTRT_ID_766,0
MDTRT_ID_767,0
MDTRT_ID_768,0
MDTRT_ID_769,0
MDTRT_ID_77,0
MDTRT_ID_770,0
MDTRT_ID_771,0
MDTRT_ID_772,0
MDTRT_ID_773,0
MDTRT_ID_774,0
MDTRT_ID_775,0
MDTRT_ID_776,0
MDTRT_ID_777,0
MDTRT_ID_778,0
MDTRT_ID_78,0
MDTRT_ID_780,0
MDTRT_ID_781,0
MDTRT_ID_782,0
MDTRT_ID_783,0
MDTRT_ID_784,0
MDTRT_ID_785,0
MDTRT_ID_786,0
MDTRT_ID_787,0
MDTRT_ID_788,0
MDTRT_ID_789,0
MDTRT_ID_79,0
MDTRT_ID_790,0
MDTRT_ID_791,0
MDTRT_ID_792,0
MDTRT_ID_793,0
MDTRT_ID_794,0
MDTRT_ID_795,0
MDTRT_ID_796,0
MDTRT_ID_797,0
MDTRT_ID_799,0
MDTRT_ID_8,0
MDTRT_ID_80,0
MDTRT_ID_800,0
MDTRT_ID_801,0
MDTRT_ID_802,0
MDTRT_ID_803,0
MDTRT_ID_804,0
MDTRT_ID_805,0
MDTRT_ID_806,0
MDTRT_ID_807,0
MDTRT_ID_808,0
MDTRT_ID_809,0
MDTRT_ID_81,0
MDTRT_ID_810,0
MDTRT_ID_811,0
MDTRT_ID_812,0
MDTRT_ID_813,0
MDTRT_ID_814,0
MDTRT_ID_815,0
MDTRT_ID_816,0
MDTRT_ID_817,0
MDTRT_ID_818,0
MDTRT_ID_819,0
MDTRT_ID_82,0
MDTRT_ID_820,0
MDTRT_ID_821,0
MDTRT_ID_822,0
MDTRT_ID_823,0
MDTRT_ID_824,0
MDTRT_ID_825,0
MDTRT_ID_826,0
MDTRT_ID_827,0
MDTRT_ID_828,0
MDTRT_ID_829,0
MDTRT_ID_83,0
MDTRT_ID_830,0
MDTRT_ID_831,0
MDTRT_ID_832,0
MDTRT_ID_833,0
MDTRT_ID_834,0
MDTRT_ID_835,0
MDTRT_ID_836,0
MDTRT_ID_837,0
MDTRT_ID_838,0
MDTRT_ID_839,0
MDTRT_ID_84,0
MDTRT_ID_840,0
MDTRT_ID_841,0
MDTRT_ID_842,0
MDTRT_ID_843,0
MDTRT_ID_844,0
MDTRT_ID_845,0
MDTRT_ID_846,0
MDTRT_ID_847,0
MDTRT_ID_848,0
MDTRT_ID_849,0
MDTRT_ID_85,0
MDTRT_ID_851,0
MDTRT_ID_852,0
MDTRT_ID_853,0
MDTRT_ID_854,0
MDTRT_ID_855,0
MDTRT_ID_856,0
MDTRT_ID_857,0
MDTRT_ID_858,0
MDTRT_ID_859,0
MDTRT_ID_86,0
MDTRT_ID_860,0
MDTRT_ID_861,0
MDTRT_ID_862,0
MDTRT_ID_863,0
MDTRT_ID_864,0
MDTRT_ID_865,0
MDTRT_ID_866,0
MDTRT_ID_867,0
MDTRT_ID_868,0
MDTRT_ID_869,0
MDTRT_ID_87,0
MDTRT_ID_870,0
MDTRT_ID_871,0
MDTRT_ID_872,0
MDTRT_ID_873,0
MDTRT_ID_874,0
MDTRT_ID_875,0
MDTRT_ID_876,0
MDTRT_ID_877,0
MDTRT_ID_878,0
MDTRT_ID_879,0
MDTRT_ID_88,0
MDTRT_ID_880,0
MDTRT_ID_881,0
MDTRT_ID_882,0
MDTRT_ID_883,0
MDTRT_ID_884,0
MDTRT_ID_885,0
MDTRT_ID_886,0
MDTRT_ID_887,0
MDTRT_ID_888,0
MDTRT_ID_889,0
MDTRT_ID_89,0
MDTRT_ID_890,0
MDTRT_ID_891,0
MDTRT_ID_892,0
MDTRT_ID_893,0
MDTRT_ID_894,0
MDTRT_ID_895,0
MDTRT_ID_896,0
MDTRT_ID_897,0
MDTRT_ID_898,0
MDTRT_ID_9,0
MDTRT_ID_90,0
MDTRT_ID_900,0
MDTRT_ID_901,0
MDTRT_ID_902,0
MDTRT_ID_903,0
MDTRT_ID_904,0
MDTRT_ID_905,0
MDTRT_ID_906,0
MDTRT_ID_907,0
MDTRT_ID_908,0
MDTRT_ID_909,0
MDTRT_ID_91,0
MDTRT_ID_910,0
MDTRT_ID_911,0
MDTRT_ID_912,0
MDTRT_ID_913,0
MDTRT_ID_914,0
MDTRT_ID_915,0
MDTRT_ID_916,0
MDTRT_ID_917,0
MDTRT_ID_918,0
MDTRT_ID_919,0
MDTRT_ID_92,0
MDTRT_ID_920,0
MDTRT_ID_921,0
MDTRT_ID_922,0
MDTRT_ID_923,0
MDTRT_ID_924,0
MDTRT_ID_925,0
MDTRT_ID_926,0
MDTRT_ID_927,0
MDTRT_ID_928,0
MDTRT_ID_929,0
MDTRT_ID_93,0
MDTRT_ID_930,0
MDTRT_ID_931,0
MDTRT_ID_932,0
MDTRT_ID_933,0
MDTRT_ID_934,0
MDTRT_ID_935,0
MDTRT_ID_936,0
MDTRT_ID_937,0
MDTRT_ID_938,0
MDTRT_ID_939,0
MDTRT_ID_94,0
MDTRT_ID_940,0
MDTRT_ID_941,0
MDTRT_ID_942,0
MDTRT_ID_943,0
MDTRT_ID_944,0
MDTRT_ID_945,0
MDTRT_ID_946,0
MDTRT_ID_947,0
MDTRT_ID_948,0
MDTRT_ID_949,0
MDTRT_ID_95,0
MDTRT_ID_950,0
MDTRT_ID_951,0
MDTRT_ID_952,0
MDTRT_ID_953,0
MDTRT_ID_954,0
MDTRT_ID_955,0
MDTRT_ID_956,0
MDTRT_ID_957,0
MDTRT_ID_958,0
MDTRT_ID_96,0
MDTRT_ID_960,0
MDTRT_ID_961,0
MDTRT_ID_962,0
MDTRT_ID_963,0
MDTRT_ID_964,0
MDTRT_ID_965,0
MDTRT_ID_966,0
MDTRT_ID_967,0
MDTRT_ID_968,0
MDTRT_ID_969,0
MDTRT_ID_97,0
MDTRT_ID_970,0
MDTRT_ID_971,0
MDTRT_ID_972,0
MDTRT_ID_973,0
MDTRT_ID_974,0
MDTRT_ID_975,0
MDTRT_ID_976,0
MDTRT_ID_977,0
MDTRT_ID_978,0
MDTRT_ID_979,0
MDTRT_ID_98,0
MDTRT_ID_980,0
MDTRT_ID_981,0
MDTRT_ID_982,0
MDTRT_ID_983,0
MDTRT_ID_984,0
MDTRT_ID_985,0
MDTRT_ID_986,0
MDTRT_ID_987,0
MDTRT_ID_988,0
MDTRT_ID_989,0
MDTRT_ID_99,0
MDTRT_ID_990,0
MDTRT_ID_991,0
MDTRT_ID_992,0
MDTRT_ID_993,0
MDTRT_ID_994,0
MDTRT_ID_995,0
MDTRT_ID_996,0
MDTRT_ID_997,0
MDTRT_ID_998,0
MDTRT_ID_999,0
MDTRT_ID_513,0
MDTRT_ID_850,0
MDTRT_ID_899,0
MDTRT_ID_40,2
MDTRT_ID_509,2
MDTRT_ID_604,2
MDTRT_ID_545,3
MDTRT_ID_606,3
MDTRT_ID_224,3
MDTRT_ID_492,3
MDTRT_ID_438,3
MDTRT_ID_379,3
MDTRT_ID_423,3
MDTRT_ID_45,3
MDTRT_ID_620,3
MDTRT_ID_721,3
MDTRT_ID_779,3
