主诊断名称,value
金黄色葡萄球菌性败血症,43
偏瘫,52
恶性肿瘤靶向治疗,1036
为肿瘤化学治疗疗程,1696
恶性肿瘤免疫治疗,3036
下肢静脉曲张,8
躯体形式障碍,11
恶性肿瘤术后免疫治疗,160
颅内多发动脉瘤,102
恶性肿瘤介入治疗,339
颅内感染,86
四肢瘫痪,83
恶性肿瘤放射治疗,424
焦虑状态,27
额叶出血,39
肛周脓肿,186
皮肌炎,514
急性不完全性四肢瘫,69
创伤性休克,282
对症治疗,445
上消化道出血,162
甲状腺恶性肿瘤,17
前交通动脉瘤,18
急性髓系白血病,554
取出内固定装置,7
恶性肿瘤术后靶向治疗,192
角膜裂伤,12
人工动静脉瘘狭窄,20
肿瘤免疫治疗,28
上肢浅表异物,20
巨幼细胞性贫血,121
脊椎源性痛综合征,15
恶性肿瘤化学治疗后的随诊检查,45
恶性肿瘤维持性化学治疗,234
阑尾肿瘤,26
冠状动脉粥样硬化,15
血管免疫母细胞性T-细胞淋巴瘤,124
玻璃体积血,9
脊髓动静脉瘘,8
伯基特淋巴瘤,54
寰枢椎脱位,296
恶性肿瘤联合治疗后的随诊检查,9
败血症,174
先天性脊髓栓系综合征,22
感染性发热,22
腰椎椎管狭窄,7
椎动脉狭窄,15
腰椎滑脱,52
筋膜炎,14
高血压病3级（高危）,8
恶性肿瘤术后放射治疗,105
器质性精神障碍,20
前列腺恶性肿瘤,3
慢性淋巴细胞白血病,81
结膜异物,7
创伤性蛛网膜下出血,49
高血压病2级（极高危）,8
基底节出血,174
前列腺增生,29
四肢囊肿,4
腹水,60
单侧腹股沟疝,4
并发性白内障,3
