主诊断名称,value
恶性肿瘤免疫治疗,4016
为肿瘤化学治疗疗程,1468
边缘区B细胞淋巴瘤,606
恶性肿瘤维持性化学治疗,484
中度贫血,46
恶性肿瘤放射治疗,3458
消化道出血,496
高度房室传导阻滞,41
下肢动脉硬化闭塞症,121
蛛网膜下出血,28
恶性肿瘤的治疗后的随诊检查,207
腰椎峡部裂,15
恶性肿瘤介入治疗,149
恶性肿瘤联合治疗后的随诊检查,61
下肢三度烧伤,58
腰椎椎管狭窄,24
噬血细胞综合征,330
恶性肿瘤放射性粒子置入治疗,82
恶性肿瘤术后放射治疗,42
恶性肿瘤靶向治疗,464
腺病毒感染,17
急性髓系白血病,1582
急性白血病,70
基底节出血,61
脾大,103
腰椎间盘突出,22
恶性肿瘤支持治疗,125
恶性肿瘤生物治疗,5
贲门炎,9
颅内动脉瘤,28
对症治疗,527
睡眠障碍,76
高血压病3级（极高危）,16
脂肪栓塞(创伤性),120
前列腺增生,8
头皮恶性肿瘤,8
高血压病3级（高危）,10
恶性肿瘤术后靶向治疗,50
主动脉瓣狭窄伴有关闭不全,181
下肢静脉曲张伴有炎症,14
四肢瘫痪,294
多发性肌炎,46
恶性肿瘤术后免疫治疗,99
甲状腺恶性肿瘤,8
前列腺恶性肿瘤,102
疝,49
慢性硬膜下血肿,26
肛周脓肿,26
营养不良,12
恶性肿瘤中医治疗,10
垂体瘤,146
面皮肤原位癌,10
肛瘘,5
亚急性肉芽肿性甲状腺炎,11
Ⅲ度房室传导阻滞,27
上腔静脉综合征,87
颞叶脓肿,63
慢性淋巴细胞白血病,12
单侧腹股沟斜疝,3
恶性肿瘤内分泌治疗,30
恶性肿瘤终末期放疗,6
结缔组织病,48
创伤性脾破裂,66
代谢性白内障,8
肿瘤免疫治疗,90
单侧腹股沟直疝,18
便秘,17
良性阵发性位置性眩晕,9
颅内占位性病变,6
帕金森病,8
软组织感染,14
冠状动脉粥样硬化,5
老年核性白内障,7
频发性室性期前收缩,7
