主诊断名称,value
恶性肿瘤免疫治疗,2152
消化道穿孔,127
为肿瘤化学治疗疗程,1204
恶性肿瘤术后靶向治疗,18
高度房室传导阻滞,27
恶性肿瘤术前化疗,162
类风湿性关节炎,56
冠状动脉粥样硬化,12
主动脉夹层形成,145
恶性肿瘤靶向治疗,512
上消化道出血,92
咯血,40
双侧腹股沟疝,30
恶性肿瘤放射性粒子置入治疗,205
下消化道出血,355
消化道出血,262
恶性肿瘤术后放射治疗,64
关节炎,25
甲状腺肿,21
腰椎椎管狭窄,92
恶性肿瘤联合治疗后的随诊检查,224
急性髓系白血病,64
恶性肿瘤维持性化学治疗,393
睑内翻和倒睫,20
原发性系统性淀粉样变性,19
双侧腹股沟斜疝,7
下肢动脉硬化闭塞症,24
恶性肿瘤介入治疗,41
腮腺良性肿瘤,19
药物性皮炎,34
唇裂伤,13
肿瘤免疫治疗,22
感染性发热,29
前列腺增生,3
血管免疫母细胞性T-细胞淋巴瘤,72
前列腺恶性肿瘤,21
下肢静脉曲张伴有溃疡和炎症,11
脓毒血症,114
室性期前收缩,45
并发性白内障,9
恶性肿瘤终末期化疗,38
淋巴结增大,33
恶性肿瘤内分泌治疗,84
急性非ST段抬高型急性冠脉综合征,256
足部恶性黑色素瘤,9
肛旁肿物,9
主动脉瓣关闭不全,9
头皮恶性肿瘤,15
视网膜分支静脉阻塞,45
贲门恶性肿瘤,27
老年性白内障,6
梗阻性黄疸,12
基底节出血,141
二尖瓣关闭不全,6
声带息肉,4
高血压病3级（高危）,6
腹壁切口疝,2
Ⅲ度房室传导阻滞,48
葡萄膜炎[色素膜炎],10
肿瘤术后内分泌治疗,1
