主诊断名称,value
恶性肿瘤免疫治疗,2992
恶性肿瘤靶向治疗,1714
高血压病2级（高危）,94
截肢残端溃疡,18
老年性黄斑变性,19
高血压病3级（高危）,12
消化道穿孔,236
四肢瘫痪,447
肿瘤术后免疫治疗,54
嵌顿性腹股沟疝,43
为肿瘤化学治疗疗程,1890
前列腺恶性肿瘤,116
有机磷中毒,73
腰椎间盘突出,56
冠状动脉粥样硬化,15
皮肤慢性溃疡，不可归类在他处者,50
急性冠脉综合征,52
恶性肿瘤终末期免疫治疗,22
急性上消化道出血,11
低钠血症,60
硬膜下血肿,30
下肢软组织感染,10
下肢静脉曲张伴有炎症,7
下肢静脉曲张伴静脉炎,12
帕金森病,17
恶性肿瘤维持性化学治疗,282
恶性肿瘤放射治疗,986
腮腺良性肿瘤,12
下肢动脉硬化闭塞症伴坏疽,48
高血压病3级（极高危）,8
主动脉瘤，未提及破裂,45
腰椎椎管狭窄,55
下肢深静脉血栓形成,10
恶性肿瘤化学治疗后的随诊检查,26
恶性肿瘤术后靶向治疗,110
反应性关节炎,32
感染性发热,72
恶性肿瘤介入治疗,36
恶性肿瘤内分泌治疗,67
前列腺增生,26
腹泻,720
恶性肿瘤联合治疗后的随诊检查,15
肿瘤免疫治疗,52
脓毒血症,160
淋巴瘤,239
弥漫大B细胞淋巴瘤,1048
免疫性血小板减少,68
单侧腹股沟疝,52
对症治疗,10
下肢动脉硬化闭塞症,7
化脓性脊柱炎,10
间变大细胞淋巴瘤,33
血小板减少,212
医疗照顾，其他特指的,63
副肿瘤综合征相关性肌无力综合征,45
输液港置入,378
老年核性白内障,9
软组织感染,42
农药中毒,74
系统性硬化症,111
残根,16
为临床研究项目的正常比较和对照接受的检查,136
输液港取出,42
创伤性脾破裂,22
症状性癫痫[继发性癫痫],6
高血压病2级（极高危）,24
甲状腺恶性肿瘤,8
人工动静脉瘘狭窄,21
恶性肿瘤术后免疫治疗,13
角膜穿通伤,3
