主诊断名称,value
肝硬化伴食管静脉曲张破裂出血,78
肝部继发性恶性肿瘤,76
肝恶性肿瘤,864
胆总管结石,101
肝继发恶性肿瘤,486
肝硬化伴食管静脉曲张,40
肝硬化伴食管胃底静脉曲张破裂出血,22
胆囊结石伴慢性胆囊炎,33
胆囊结石伴有急性胆囊炎,10
乙型肝炎肝硬化,542
肝细胞癌,686
病毒性肝炎乙型慢性重型,137
乙肝后肝硬化,64
肝炎后肝硬化失代偿期,23
多发性肝囊肿,34
肝门胆管恶性肿瘤,142
肝衰竭,301
胆囊恶性肿瘤,8
肝挫伤,31
肝硬化伴食管胃底静脉曲张,58
