主诊断名称,value
恶性肿瘤免疫治疗,3791
恶性肿瘤维持性化学治疗,140
恶性肿瘤靶向治疗,1408
恶性肿瘤联合治疗后的随诊检查,62
创伤性脾破裂,630
农药中毒,66
为肿瘤化学治疗疗程,1724
癫痫,27
腹胀,41
四肢瘫痪,116
前列腺恶性肿瘤,87
高血压病3级（极高危）,9
恶性肿瘤终末期免疫治疗,22
急性上消化道出血,22
关节炎,26
恶性肿瘤中医治疗,23
抗合成酶综合征,88
噬血细胞综合征,400
消化道出血,120
声带肿物,14
老年核性白内障,11
急性腮腺炎,114
黄斑水肿,18
急性化脓性阑尾炎伴腹膜炎,11
贲门恶性肿瘤,49
吻合口溃疡,9
单侧腹股沟斜疝,24
主动脉夹层［任何部分］,47
下肢深静脉血栓形成,36
孔源性视网膜脱离,9
良性阵发性位置性眩晕,7
恶性肿瘤化学治疗后的随诊检查,78
恶性肿瘤放射治疗,228
恶性肿瘤内分泌治疗,34
腹泻,400
恶性肿瘤术后放射治疗,14
对症治疗,133
咬肌间隙感染,44
特发性突聋,16
取除下腔静脉滤器,34
真菌感染,144
混合痔,11
急性髓系白血病,29
椎管内良性肿瘤,28
边缘区B细胞淋巴瘤,215
前列腺增生,70
人工动静脉瘘狭窄,34
躯干恶性黑色素瘤,6
前房积脓性角膜溃疡,9
面肌痉挛,16
恶性肿瘤术后免疫治疗,126
咯血,38
血小板减少,106
皮疹,32
腰椎椎管狭窄,95
医疗照顾，其他特指的,70
恶性肿瘤生物治疗,32
湿疹,17
输液港置入,210
声带恶性肿瘤,11
残根,16
克雷伯杆菌感染性菌血症,213
免疫性血小板减少,40
为临床研究项目的正常比较和对照接受的检查,64
偏瘫,27
真菌性角膜溃疡,10
帕金森综合征,7
恶性肿瘤术后靶向治疗,56
脊椎源性痛综合征,12
回盲部良性肿瘤,6
带状疱疹伴有其他并发症,4
