主诊断名称,value
肺部感染,417
左肺下叶恶性肿瘤,63
右肺下叶恶性肿瘤,117
左肺上叶恶性肿瘤,215
中枢性睡眠呼吸暂停综合征,1
左肺恶性肿瘤,49
呼吸衰竭,333
肺恶性肿瘤,1268
肺占位性病变,98
右肺上叶恶性肿瘤,14
食管胸下段恶性肿瘤,58
肺非结核分枝杆菌病,41
右肺中叶恶性肿瘤,320
肺真菌感染,5
慢性阻塞性肺病伴有急性加重,21
自发性气胸,57
慢性阻塞性肺病,29
支气管哮喘,18
右主支气管恶性肿瘤,7
肺部阴影,4
支气管哮喘(重度持续),12
