主诊断名称,value
上消化道出血,12
前列腺增生,40
前列腺恶性肿瘤,99
恶性肿瘤免疫治疗,380
腹主动脉瘤，未提及破裂,148
结膜出血,10
创伤性蛛网膜下腔出血,115
便血,22
恶性肿瘤靶向治疗,31
恶性肿瘤内分泌治疗,30
颅内出血(非创伤性),530
主动脉夹层形成,137
急性阑尾炎伴穿孔,53
低氯血症,33
高血压2级,8
双侧腹股沟疝伴梗阻,51
血小板减少,80
为肿瘤化学治疗疗程,7
白内障,2
取除下腔静脉滤器,12
感染性发热,9
