主诊断名称,value
慢性阻塞性肺病伴有急性加重,143
支气管动脉畸形,188
胸腔积液,59
右肺下叶恶性肿瘤,81
呼吸衰竭,2082
肺恶性肿瘤,391
左肺下叶恶性肿瘤,103
肺部感染,1155
左肺上叶恶性肿瘤,208
食管胸下段恶性肿瘤,47
吸入性肺炎,256
右肺上叶恶性肿瘤,164
肺炎性肿物,15
肺挫伤,687
胸部食管恶性肿瘤,84
阻塞性肺炎,22
包裹性脓胸,226
右肺中下叶恶性肿瘤,63
气胸,73
胸膜间皮瘤,78
慢性阻塞性肺病,6
机化性肺炎,10
特发性肺纤维化,3
