主诊断名称,value
下肢深静脉血栓形成,80
恶性肿瘤免疫治疗,661
弥漫大B细胞淋巴瘤,12
恶性肿瘤放射性粒子置入治疗,654
为肿瘤化学治疗疗程,197
淋巴瘤,65
锥体束变性,24
急性冠脉综合征,18
脊椎源性痛综合征,44
恶性肿瘤靶向治疗,160
头部的损伤,19
Ⅲ度房室传导阻滞,87
阑尾良性肿瘤,43
双侧腹股沟直疝,9
老年性白内障,129
人工动静脉瘘狭窄,26
下肢动脉硬化闭塞症伴坏疽,35
老年核性白内障,4
声带麻痹,6
