主诊断名称,value
原发性胆汁性肝硬化伴食管静脉曲张,66
慢性肝衰竭,184
肝细胞癌,415
急性肝功能衰竭,345
胆总管恶性肿瘤,108
肝硬化伴食管胃底静脉曲张,25
肝功能不全,200
肝胆管结石伴胆管炎,248
急性胆源型胰腺炎，重症,103
肝硬化伴食管静脉曲张破裂出血,73
胆囊结石伴有急性胆囊炎,16
胆管恶性肿瘤,13
胆囊结石伴慢性胆囊炎,49
酒精性肝硬化伴食管胃底静脉曲张破裂出血,78
胆囊结石伴胆囊炎,24
肝硬化伴食管静脉曲张,15
肝硬化,34
原发性胆汁型肝硬化,100
肝硬化伴食管胃底静脉曲张破裂出血,22
