主诊断名称,value
大脑动脉的闭塞或狭窄引起的脑梗死,12
脑干梗死,793
颈内动脉狭窄脑梗死,9
脑梗死,509
带状疱疹性神经痛,36
2型糖尿病性周围神经病,13
腰椎间盘突出伴坐骨神经痛,16
脑内出血,1131
慢性缺血性脑血管病,19
中枢神经系统感染,92
臂丛神经损伤,11
脑出血恢复期,17
大脑动脉狭窄脑梗死,158
缺血性脑血管病,10
创伤性硬脑膜下血肿,10
颈动脉闭塞脑梗死,15
大脑动脉闭塞脑梗死,56
大脑中动脉瘤破裂伴蛛网膜下隙出血,6
大脑功能障碍,12
肝性脑病,2145
颈椎骨折,10
颈部淋巴结继发恶性肿瘤,8
