主诊断名称,value
脑梗死,70
周围神经病,10
肺性脑病,68
糖尿病性周围神经病,21
大脑功能障碍,17
带状疱疹性神经痛,35
糖尿病性动眼神经麻痹,6
颈椎病,5
脑继发恶性肿瘤,552
脑内出血,242
大脑中动脉闭塞和狭窄,62
大面积脑梗死,47
新型隐球菌脑膜炎,42
神经痛,12
小脑出血,742
腰椎间盘突出伴坐骨神经痛,8
缺血性脑血管病,12
脑出血恢复期,60
脑动脉供血不足,4
神经性头痛,98
2型糖尿病性周围神经病,5
脱髓鞘性脑病,5
大脑动脉狭窄脑梗死,12
