主诊断名称,value
颈部脊髓损伤,32
自体免疫性脑炎,12
脑膜动态未定或动态未知的肿瘤,65
脑干梗死,843
慢性缺血性脑血管病,49
脑室出血,41
脑外伤恢复期,236
脑干出血,403
脑内出血,74
脑梗死,237
神经病理性疼痛,12
脑继发恶性肿瘤,920
2型糖尿病性周围神经病,14
大面积脑梗死,10
多发性脑梗死,49
大脑功能障碍,8
颈部继发性恶性肿瘤,8
脑恶性肿瘤,70
大脑中动脉瘤破裂伴蛛网膜下隙出血,92
颅底脑膜瘤,29
中枢神经系统感染,227
坐骨神经痛,17
脑挫伤,117
脑积水,3
大脑动脉狭窄脑梗死,37
大脑动脉血栓形成引起的脑梗死,7
短暂性脑缺血发作,5
创伤性硬脑膜下血肿,4
出血性脑梗死,24
基底节脑梗死,11
三叉神经痛,7
