主诊断名称,value
肝衰竭,183
肝胆管恶性肿瘤,496
胆管狭窄,122
肝内胆管癌,46
肝硬化伴食管胃底静脉曲张破裂出血,22
肝细胞癌,206
肝硬化伴食管静脉曲张破裂出血,165
肝硬化伴食管静脉曲张,294
肝恶性肿瘤,77
混合型肝硬化失代偿期,40
乙型肝炎后肝硬化失代偿期,45
酒精性肝硬化伴食管胃底静脉曲张破裂出血,59
胆总管恶性肿瘤,510
肝脓肿,198
急性化脓性胆囊炎,35
胆管恶性肿瘤,42
胆囊结石伴有急性胆囊炎,80
胆总管结石,192
胆囊结石伴慢性胆囊炎,20
胆总管结石伴胆管炎,68
胆囊结石伴急性化脓性胆囊炎,248
胆总管狭窄,54
