主诊断名称,value
脑出血后遗症,636
大脑动脉血栓形成引起的脑梗死,12
颈部脊髓损伤,117
创伤性脑出血,41
颈部淋巴结继发恶性肿瘤,83
脑室出血,92
大脑动脉狭窄脑梗死,14
创伤性硬脑膜下血肿,7
创伤性硬脑膜下出血,205
听神经良性肿瘤,31
脑内出血,464
脑动脉供血不足,7
脑积水,526
多发性脑梗死,150
运动神经元病,4
颈内动脉床突段动脉瘤,16
颈椎椎管狭窄,38
周围性面神经麻痹,7
脑梗死,12
小脑炎,19
带状疱疹性神经痛,16
脑梗死，其他的,10
颈椎病,11
基底节脑梗死,10
慢性缺血性脑血管病,3
