主诊断名称,value
颈部脊髓损伤,55
大面积脑梗死,200
脑内出血,159
脑梗死,83
带状疱疹性神经痛,25
神经痛,18
创伤性脑出血,157
脑干梗死,143
脱髓鞘性脑病,16
一氧化碳中毒性脑病,101
前床突脑膜瘤,134
大脑动脉的闭塞或狭窄引起的脑梗死,42
颈椎病,6
原发中枢神经系统弥漫大B细胞淋巴瘤,89
脑继发恶性肿瘤,16
颈椎骨折,326
大脑动脉狭窄脑梗死,38
2型糖尿病性周围神经病,11
慢性缺血性脑血管病,6
脑疝,105
腓总神经损害,10
基底节脑梗死,10
短暂性脑缺血发作,5
大脑动脉瘤,10
中枢神经系统感染,4
