主诊断名称,value
回盲部恶性肿瘤,136
二尖瓣脱垂伴关闭不全,151
恶性肿瘤免疫治疗,3464
恶性肿瘤靶向治疗,810
弥漫大B细胞淋巴瘤,86
对症治疗,234
为临床研究项目的正常比较和对照接受的检查,382
恶性肿瘤维持性化学治疗,278
症状性癫痫[继发性癫痫],16
为肿瘤化学治疗疗程,2707
系统性红斑狼疮，累及器官或系统,16
腹泻,8
恶性肿瘤放射治疗,1143
高血压病2级（极高危）,9
上消化道出血,120
葡萄膜炎[色素膜炎],24
前列腺增生,8
Ⅲ度房室传导阻滞,87
腹腔内出血,170
偏瘫,237
急性髓系白血病,1623
基底动脉瘤破裂伴蛛网膜下隙出血,81
癫痫持续状态,169
恶性肿瘤联合治疗后的随诊检查,27
回盲部良性肿瘤,9
下肢深静脉血栓形成,38
扁桃体淋巴瘤,16
垂体瘤,92
取出内固定装置,10
认知障碍,60
肿瘤免疫治疗,13
睑板腺囊肿,18
恶性肿瘤术后靶向治疗,105
低蛋白血症,252
急性坏疽性阑尾炎伴穿孔伴局限性腹膜炎,30
双侧腹股沟直疝,14
慢性髓系白血病，BCR/ABL阳性,38
软组织感染,20
恶性肿瘤的治疗后的随诊检查,11
翼状胬肉,9
低钙血症,130
单侧腹股沟直疝,27
恶性肿瘤放射性粒子置入治疗,15
恶性肿瘤术后免疫治疗,27
高血压病3级（中危）,7
高血压病3级（极高危）,5
下肢动脉硬化闭塞症,122
下肢静脉曲张伴有炎症,5
老年性黄斑变性,6
腮腺囊肿,9
结节性甲状腺肿,3
声带恶性肿瘤,4
贫血,20
玻璃体积血,6
单侧腹股沟疝,3
高血压3级,6
甲状腺恶性肿瘤,8
黄斑水肿,6
