主诊断名称,value
腹痛,69
B细胞淋巴瘤,12000
恶性肿瘤靶向治疗,1243
恶性肿瘤免疫治疗,2469
恶性肿瘤维持性化学治疗,855
鼓膜穿孔,6
恶性肿瘤放射治疗,537
梗阻性黄疸,33
为肿瘤化学治疗疗程,1565
下肢动脉闭塞,117
偏瘫,116
发热,52
脓毒血症,214
泪小管断裂,11
四肢瘫痪,96
对症治疗,12
恶性肿瘤术后免疫治疗,40
颅内出血(非创伤性),52
Ⅲ度房室传导阻滞,13
恶性肿瘤术后靶向治疗,33
脊髓损伤,100
出血性内痔,5
前列腺增生,7
姑息性化疗,372
舞蹈病,7
前交通动脉瘤破裂伴蛛网膜下隙出血,47
寰枢椎脱位,296
人工动静脉瘘狭窄,18
恶性肿瘤化学治疗后的随诊检查,91
高血压病3级（极高危）,16
恶性肿瘤的治疗后的随诊检查,55
类风湿性关节炎,61
脊柱继发恶性肿瘤,46
恶性肿瘤联合治疗后的随诊检查,18
纯红细胞再生障碍性贫血,210
腰椎间盘突出,49
单侧腹股沟直疝,7
菌血症,320
主动脉夹层B型,36
慢性淋巴细胞白血病,93
冠状动脉肌桥,7
单侧腹股沟斜疝,3
取出内固定装置,8
认知障碍,8
甲状腺恶性肿瘤,3
功能性腹痛,1
