主诊断名称,value
恶性肿瘤免疫治疗,6472
抑郁发作,54
腰椎间盘突出,22
边缘区B细胞淋巴瘤,276
一氧化碳中毒,18
为肿瘤化学治疗疗程,1984
恶性肿瘤维持性化学治疗,918
巨幼细胞性贫血,147
主动脉夹层B型,19
急性坏疽性阑尾炎伴穿孔伴局限性腹膜炎,72
前列腺增生,127
血管性痴呆,35
恶性肿瘤术前化疗,414
颅内占位性病变,7
消化道出血,339
四肢瘫痪,143
化脓性脊柱炎,110
恶性肿瘤靶向治疗,1013
肌炎,131
下肢动脉硬化闭塞症,46
单侧腹股沟斜疝,11
浆母细胞淋巴瘤,372
急性冠脉综合征,295
恶性肿瘤支持治疗,125
对症治疗,323
睡眠障碍,38
急性腮腺炎,38
梗阻性黄疸,88
脊柱侧弯,48
静止性震颤,14
腹壁切口疝,7
混合痔,6
感染性发热,124
类风湿性关节炎,19
恶性肿瘤术前免疫治疗,48
恶性肿瘤内分泌治疗,57
恶性肿瘤放射治疗,48
高血压3级,7
高血压病2级（极高危）,14
人类免疫缺陷病毒\[HIV\]病造成的多发性感染,128
恶性肿瘤联合治疗后的随诊检查,9
单侧腹股沟疝,5
恶性肿瘤灌注治疗,78
恶性肿瘤中医治疗,20
颞叶出血,34
前列腺恶性肿瘤,88
人工动静脉瘘狭窄,17
上肢肿胀,22
上腔静脉综合征,87
皮疹,16
恶性肿瘤生物治疗,144
恶性肿瘤术后免疫治疗,64
慢性淋巴细胞白血病,12
恶性肿瘤终末期放疗,42
下肢静脉曲张伴静脉炎,5
Ⅰ度房室传导阻滞,14
腰椎退行性病变,8
双侧腹股沟斜疝,6
恶性肿瘤术后靶向治疗,182
下肢深静脉血栓形成,9
脊椎源性痛综合征,36
高血压2级,9
包皮嵌顿,5
高血压病1级（极高危）,13
取除下腔静脉滤器,2
腰椎椎管狭窄,2
回盲部良性肿瘤,6
角膜穿通伤,3
下肢静脉曲张伴有炎症,2
