主诊断名称,value
一氧化碳中毒,52
恶性肿瘤术后靶向治疗,38
恶性肿瘤免疫治疗,1800
创伤性蛛网膜下出血,37
单侧腹股沟斜疝,9
消化道穿孔,477
腹腔积血,66
前列腺增生,120
高血压病3级（极高危）,12
为肿瘤化学治疗疗程,750
腰椎滑脱,4
基底动脉尖综合征,183
恶性肿瘤放射治疗,31
结核性腹膜炎,105
四肢瘫痪,20
恶性肿瘤靶向治疗,579
下肢动脉硬化闭塞症伴坏疽,96
脾大,37
急性冠脉综合征,136
咯血,20
恶性肿瘤放射性粒子置入治疗,72
下消化道出血,71
消化道出血,121
免疫性血小板减少,113
急性化脓性扁桃体炎,38
急性弥漫性腹膜炎,32
贲门肿瘤,12
恶性肿瘤术后放射治疗,20
硬膜下血肿,24
垂体瘤,130
恶性肿瘤联合治疗后的随诊检查,64
恶性肿瘤维持性化学治疗,318
基底节出血,13
前列腺恶性肿瘤,45
上消化道出血,52
慢性粒细胞性白血病,338
癫痫,217
前交通动脉瘤,8
恶性肿瘤介入治疗,51
恶性肿瘤术后免疫治疗,12
肌病,40
创伤性蛛网膜下腔出血,8
恶性肿瘤内分泌治疗,20
颅内占位性病变,12
急性非ST段抬高型急性冠脉综合征,5632
枕叶肿瘤,19
双侧腹股沟疝,10
视网膜分支静脉阻塞,9
腰椎间盘突出,10
高血压病2级（极高危）,12
急性上消化道出血,99
高血压病3级（高危）,9
双侧腹股沟斜疝,4
