主诊断名称,value
脊髓型颈椎病,58
脑出血恢复期,160
病毒性脑炎,114
脑梗死,47
大脑动脉的闭塞或狭窄引起的脑梗死,27
大脑动脉栓塞引起的脑梗死,161
大面积脑梗死,37
大脑前动脉远侧段(A2-A5)动脉瘤,279
丘脑梗死,10
创伤性硬脑膜下血肿,9
腰椎间盘突出伴坐骨神经痛,16
创伤性脑出血,294
臂丛神经损伤,8
小脑继发恶性肿瘤,59
慢性缺血性脑血管病,28
脑挫伤,14
基底动脉闭塞脑梗死,213
第三［动眼］神经麻痹,116
多发性脑梗死,17
额叶脑膜瘤,20
基底节脑梗死,16
2型糖尿病性周围神经病,4
颈部继发性恶性肿瘤,16
