主诊断名称,value
高血压2级,10
恶性肿瘤介入治疗,20
主动脉夹层［任何部分］,36
感染性发热,40
恶性肿瘤靶向治疗,34
受压区Ⅳ期压疮,13
高血压病2级（中危）,10
白血病,25
下肢静脉曲张伴有炎症,13
颅内出血(非创伤性),67
升主动脉壁内血肿,31
前列腺恶性肿瘤,32
前列腺增生,26
恶性肿瘤免疫治疗,24
对症治疗,9
冠状动脉粥样硬化,6
恶性肿瘤维持性化学治疗,14
高血压病3级（极高危）,3
老年核性白内障,5
